<?xml version="1.0" encoding="utf-8"?>
<extension version="0.1" type="plugin" group="content" method="upgrade">
	<name>Sailwave Results Plugin</name>
	<author>Calum Polwart</author>
	<creationDate>March 2015</creationDate>
	<copyright>Includes code orginally supplied by andy@sailor.nu and posted on the sailwave discussion boards</copyright>
	<license>GNU General Public License version 2 or later; see LICENSE.txt</license>
	<authorEmail>cpolwart@chemo.org.uk</authorEmail>
	<authorUrl>www.chemo.org.uk</authorUrl>
	<version>0.1</version>
	<description>PLG_CONTENT_SAILWAVE_XML_DESCRIPTION</description>
	<files>
		<filename plugin="sailwave">sailwave.php</filename>
		<filename>index.html</filename>
	</files>
	<languages>
		<language tag="en-GB">Language/en-GB.plg_content_sailwave.ini</language>
		<language tag="en-GB">Language/en-GB.plg_content_sailwave.sys.ini</language>
	</languages>
	<config>
		<fields name="params">
 
			<fieldset name="basic">
				<field name="sailwave_ftp_folder" type="text"
					default="/results"
					description="JFIELD_PLG_CONTENT_SAILWAVE_FTP_FOLDER"
					label="JFIELD_PLG_CONTENT_SAILWAVE_FTP_LABEL"
					size="50"
				/>
                                
                                <field name="sailwave_style" type="text"
                                        default="
div.sailwave {font: 80% arial, helvetica, sans-serif; text-align: center;}  
.hardleft  {text-align: left; float: left;  margin: 15px 0  15px 25px;}
.hardright {text-align: right; float: right; margin: 15px 25px 15px 0;}
div.sailwave table {text-align: left; margin: 0px auto 30px auto; font-size: 1em; border-collapse: collapse; border: 2px #008 solid;}
div.sailwave td, th {padding: 4px; border: 1px #008 solid; vertical-align: top; color: black;}
div.sailwave .caption {padding: 5px; text-align: center; border: 0;}
div.sailwave th {background-color: #B0AEAE; font-weight: bold;}
  
div.sailwave h1 {font-size: 1.6em;}
div.sailwave h2 {font-size: 1.4em;}
div.sailwave h3 {font-size: 1.2em;}
div.sailwave p {text-align: center;}
div.sailwave .even {background-color: #f0f0f0;}
div.sailwave .odd {background-color: #fff;}
div.sailwave .contents {text-align: left; margin-left: 20%;}
div.sailwave .natflag {border: 1px #999 solid;width:28px;}
div.sailwave .nattext {font-size: 0.8em;}
div.sailwave .place1 {font-weight: bold; background-color: #ffffaa;}
div.sailwave .place2 {font-weight: bold; background-color: #aaaaff;}
div.sailwave .place3 {font-weight: bold; background-color: #ffaaaa;}
div.sailwave .placen {}
" 
description="JFIELD_PLG_CONTENT_SAILWAVE_CSS_STYLE"
					label="JFIELD_PLG_CONTENT_SAILWAVE_STYLE_LABEL"
					size="500"
				/>
			</fieldset>
 
		</fields>
	</config>
</extension>
