<?xml version="1.0" encoding="UTF-8" ?>
 <extension type="package" version="3.4" method="upgrade">
 <name>Sailwave4Joomla Package</name>
 <author>Calum Polwart and Others</author>
 <creationDate>March 2015</creationDate>
 <copyright>Includes code orginally supplied by andy@sailor.nu and posted on the sailwave discussion boards</copyright>
<license>GNU General Public License version 2 or later; see LICENSE.txt</license>
 <packagename>sailwave</packagename>
 <version>0.1-beta-b</version>
 <url>http://www.chemo.org.uk</url>
 <description>Contains Sailwave Content Plugin and Sailwave editor Button<br/>!!Don't forget to publish the plugins!!</description>
 <files >
   <file type="plugin" id="sailwave" group="content">plg_content.zip</file>
   <file type="plugin" id="sailwavebutton" group="editor-xtd">plg_button.zip</file>
 </files>
 </extension>